交易日期,契約,到期月份(週別),開盤價,最高價,最低價,收盤價,漲跌價,漲跌%,成交量,結算價,未沖銷契約數,最後最佳買價,最後最佳賣價,歷史最高價,歷史最低價,是否因訊息面暫停交易,交易時段,價差對單式委託成交量,比較值
2024/01/02,TX,202401  ,17838,17920,17751,17798,-72,-0.40%,82827,17800,103404,17798,17800,17920,16001,,一般,,202401  
2024/01/03,TX,202401  ,17658,17667,17507,17546,-254,-1.43%,97851,17545,106526,17546,17549,17920,16001,,一般,,202401  
2024/01/04,TX,202401  ,17525,17583,17525,17546,1,0.01%,57402,17550,102022,17545,17547,17920,16001,,一般,,202401  
2024/01/05,TX,202401  ,17577,17626,17491,17519,-31,-0.18%,77062,17518,101818,17516,17519,17920,16001,,一般,,202401  
2024/01/08,TX,202401  ,17572,17706,17568,17595,77,0.44%,86585,17595,102591,17595,17596,17920,16001,,一般,,202401  
2024/01/09,TX,202401  ,17770,17782,17526,17545,-50,-0.28%,96286,17547,103756,17545,17546,17920,16001,,一般,,202401  
2024/01/10,TX,202401  ,17509,17521,17439,17458,-89,-0.51%,70327,17460,102213,17458,17460,17920,16001,,一般,,202401  
2024/01/11,TX,202401  ,17490,17606,17481,17575,115,0.66%,86899,17570,100653,17573,17574,17920,16001,,一般,,202401  
2024/01/12,TX,202401  ,17466,17570,17447,17489,-81,-0.46%,83946,17487,90295,17489,17490,17920,16001,,一般,,202401  
2024/01/15,TX,202401  ,17580,17655,17527,17559,72,0.41%,137809,17554,59653,17557,17559,17920,16001,,一般,,202401  
2024/01/16,TX,202401  ,17480,17499,17321,17333,-221,-1.26%,123488,17333,36428,17333,17335,17920,16001,,一般,,202401  
2024/01/17,TX,202401  ,17313,17344,17159,17167,-166,-0.96%,63464,0,23542,17167,17168,17920,16001,,一般,,202401  
2024/01/18,TX,202402  ,17240,17326,17215,17280,45,0.26%,90702,17282,79622,17279,17282,17906,17148,,一般,,202401  
2024/01/19,TX,202402  ,17541,17684,17504,17678,396,2.29%,111839,17674,82596,17676,17678,17906,17148,,一般,,202401  
2024/01/22,TX,202402  ,17816,17843,17747,17817,143,0.81%,83035,17815,80566,17816,17818,17906,17148,,一般,,202401  
2024/01/23,TX,202402  ,17799,17877,17790,17870,55,0.31%,77256,17868,81014,17870,17873,17906,17148,,一般,,202401  
2024/01/24,TX,202402  ,17903,17941,17876,17903,35,0.20%,65654,17896,79857,17899,17903,17941,17148,,一般,,202401  
2024/01/25,TX,202402  ,18016,18030,17935,17995,99,0.55%,74949,17997,81602,17996,17998,18090,17148,,一般,,202401  
2024/01/26,TX,202402  ,17951,18023,17936,17999,2,0.01%,65973,17999,81748,17999,18000,18090,17148,,一般,,202401  
2024/01/29,TX,202402  ,18011,18135,17970,18125,126,0.70%,73311,18123,84626,18124,18125,18135,17148,,一般,,202401  
2024/01/30,TX,202402  ,18129,18139,18064,18081,-42,-0.23%,63313,18081,80335,18081,18082,18152,17148,,一般,,202401  
2024/01/31,TX,202402  ,17990,18003,17904,17920,-161,-0.89%,78949,17921,78494,17921,17923,18152,17148,,一般,,202401  
2024/02/01,TX,202402  ,17956,17994,17882,17986,65,0.36%,82846,17985,79266,17986,17987,18152,17148,,一般,,202402  
2024/02/02,TX,202402  ,18100,18105,18023,18084,99,0.55%,64193,18084,79503,18084,18086,18152,17148,,一般,,202402  
2024/02/05,TX,202402  ,18008,18102,17958,18086,2,0.01%,72290,18085,76564,18085,18086,18152,17148,,一般,,202402  
2024/02/15,TX,202402  ,18590,18696,18531,18667,582,3.22%,112201,18666,76320,18665,18667,18696,17148,,一般,,202402  
2024/02/16,TX,202402  ,18683,18726,18633,18634,-32,-0.17%,65410,18639,71159,18632,18635,18727,17148,,一般,,202402  
2024/02/19,TX,202402  ,18680,18692,18619,18671,32,0.17%,80197,18669,51848,18671,18673,18727,17148,,一般,,202402  
2024/02/20,TX,202402  ,18634,18754,18596,18753,84,0.45%,86334,18751,29534,18752,18754,18754,17148,,一般,,202402  
2024/02/21,TX,202402  ,18738,18750,18659,18670,-81,-0.43%,41207,0,14640,18670,18671,18817,17148,,一般,,202402  
2024/02/22,TX,202403  ,18887,18890,18751,18889,196,1.05%,84610,18886,74973,18887,18889,18890,14451,,一般,,202402  
2024/02/23,TX,202403  ,18990,19000,18898,18913,27,0.14%,80858,18912,75413,18912,18913,19004,14451,,一般,,202402  
2024/02/26,TX,202403  ,18907,18996,18853,18963,51,0.27%,68087,18964,77674,18963,18965,19004,14451,,一般,,202402  
2024/02/27,TX,202403  ,18950,19020,18750,18867,-97,-0.51%,120451,18870,76800,18866,18868,19020,14451,,一般,,202402  
2024/02/29,TX,202403  ,18808,18997,18805,18966,96,0.51%,84818,18961,77669,18963,18967,19020,14451,,一般,,202402  
2024/03/01,TX,202403  ,18968,19017,18924,18961,0,0.00%,75198,18961,76059,18961,18962,19020,14451,,一般,,202403  
2024/03/04,TX,202403  ,19144,19340,19137,19314,353,1.86%,97821,19311,78964,19313,19314,19340,14451,,一般,,202403  
2024/03/05,TX,202403  ,19362,19436,19305,19389,78,0.40%,83640,19390,78397,19389,19390,19437,14451,,一般,,202403  
2024/03/06,TX,202403  ,19282,19523,19271,19509,119,0.61%,96101,19507,77454,19508,19509,19523,14451,,一般,,202403  
2024/03/07,TX,202403  ,19688,19770,19584,19709,202,1.04%,122063,19702,75980,19706,19709,19770,14451,,一般,,202403  
2024/03/08,TX,202403  ,19930,20009,19638,19791,89,0.45%,172140,19794,74424,19791,19793,20009,14451,,一般,,202403  
2024/03/11,TX,202403  ,19691,19825,19679,19715,-79,-0.40%,97483,19716,72175,19714,19717,20009,14451,,一般,,202403  
2024/03/12,TX,202403  ,19714,19956,19698,19955,239,1.21%,91498,19954,75208,19955,19956,20009,14451,,一般,,202403  
2024/03/13,TX,202403  ,19994,20064,19886,19927,-27,-0.14%,111450,19928,74018,19926,19927,20064,14451,,一般,,202403  
2024/03/14,TX,202403  ,19897,19978,19799,19939,11,0.06%,108905,19940,75728,19940,19941,20064,14451,,一般,,202403  
2024/03/15,TX,202403  ,19828,19873,19723,19730,-210,-1.05%,109827,19728,74667,19729,19731,20064,14451,,一般,,202403  
2024/03/18,TX,202403  ,19778,19920,19747,19919,191,0.97%,100312,19914,54819,19914,19919,20064,14451,,一般,,202403  
2024/03/19,TX,202403  ,19816,19911,19739,19867,-47,-0.24%,106964,19867,33641,19867,19870,20064,14451,,一般,,202403  
2024/03/20,TX,202403  ,19860,19956,19731,19747,-120,-0.60%,70463,0,21160,19747,19748,20064,14451,,一般,,202403  
2024/03/21,TX,202404  ,20048,20264,20029,20264,431,2.17%,110169,20260,74326,20263,20264,20264,17220,,一般,,202403  
2024/03/22,TX,202404  ,20226,20285,20122,20242,-18,-0.09%,94477,20240,69360,20241,20246,20358,17220,,一般,,202403  
2024/03/25,TX,202404  ,20256,20307,20188,20231,-9,-0.04%,72613,20229,69854,20229,20233,20358,17220,,一般,,202403  
2024/03/26,TX,202404  ,20280,20459,20038,20187,-42,-0.21%,173550,20185,71018,20183,20187,20459,17220,,一般,,202403  
2024/03/27,TX,202404  ,20185,20288,20148,20261,76,0.38%,86234,20258,71921,20260,20261,20459,17220,,一般,,202403  
2024/03/28,TX,202404  ,20238,20250,20081,20203,-55,-0.27%,103798,20202,73979,20202,20204,20459,17220,,一般,,202403  
2024/03/29,TX,202404  ,20226,20299,20192,20280,78,0.39%,84010,20278,75653,20279,20280,20459,17220,,一般,,202403  
2024/04/01,TX,202404  ,20393,20400,20259,20288,10,0.05%,83567,20293,75298,20288,20291,20459,17220,,一般,,202404  
2024/04/02,TX,202404  ,20350,20524,20350,20523,230,1.13%,96508,20521,80556,20522,20523,20524,17220,,一般,,202404  
2024/04/03,TX,202404  ,20370,20419,20275,20349,-172,-0.84%,111570,20351,75377,20353,20354,20554,17220,,一般,,202404  
2024/04/08,TX,202404  ,20404,20520,20375,20450,99,0.49%,85815,20447,75084,20449,20450,20554,17220,,一般,,202404  
2024/04/09,TX,202404  ,20538,20877,20518,20874,427,2.09%,117238,20869,77274,20872,20874,20877,17220,,一般,,202404  
2024/04/10,TX,202404  ,20822,20892,20804,20851,-18,-0.09%,75731,20848,74809,20850,20852,20893,17220,,一般,,202404  
2024/04/11,TX,202404  ,20706,20764,20651,20753,-95,-0.46%,88537,20752,74658,20753,20754,20893,17220,,一般,,202404  
2024/04/12,TX,202404  ,20745,20809,20682,20755,3,0.01%,91615,20753,69576,20754,20755,20893,17220,,一般,,202404  
2024/04/15,TX,202404  ,20544,20605,20460,20508,-245,-1.18%,114946,20506,52136,20505,20508,20893,17220,,一般,,202404  
2024/04/16,TX,202404  ,20278,20286,19798,19953,-553,-2.70%,175352,19947,27252,19945,19952,20893,17220,,一般,,202404  
2024/04/17,TX,202404  ,19942,20289,19927,20238,291,1.46%,73085,0,14384,20237,20238,20893,17220,,一般,,202404  
2024/04/18,TX,202405  ,20070,20359,20025,20358,169,0.84%,120221,20353,70527,20355,20358,20918,18754,,一般,,202404  
2024/04/19,TX,202405  ,19840,19924,19265,19546,-807,-3.97%,237961,19559,69324,19547,19549,20918,18754,,一般,,202404  
2024/04/22,TX,202405  ,19620,19715,19445,19524,-35,-0.18%,135191,19528,64468,19526,19527,20918,18754,,一般,,202404  
2024/04/23,TX,202405  ,19651,19745,19554,19677,149,0.76%,100612,19680,66999,19677,19681,20918,18754,,一般,,202404  
2024/04/24,TX,202405  ,19930,20202,19916,20170,490,2.49%,101458,20170,70681,20170,20175,20918,18754,,一般,,202404  
2024/04/25,TX,202405  ,19940,19979,19834,19885,-285,-1.41%,96972,19880,67785,19877,19884,20918,18754,,一般,,202404  
2024/04/26,TX,202405  ,20126,20271,20070,20178,298,1.50%,113798,20176,68404,20178,20181,20918,18754,,一般,,202404  
2024/04/29,TX,202405  ,20350,20560,20310,20552,376,1.86%,97993,20550,73761,20551,20552,20918,18754,,一般,,202404  
2024/04/30,TX,202405  ,20518,20576,20404,20413,-137,-0.67%,77061,20413,70218,20412,20413,20918,18754,,一般,,202404  
2024/05/02,TX,202405  ,20250,20380,20215,20291,-122,-0.60%,90193,20292,69380,20291,20292,20918,18754,,一般,,202405  
2024/05/03,TX,202405  ,20548,20597,20306,20382,90,0.44%,100974,20382,70362,20380,20382,20918,18754,,一般,,202405  
2024/05/06,TX,202405  ,20685,20714,20562,20602,220,1.08%,83722,20601,73198,20599,20602,20918,18754,,一般,,202405  
2024/05/07,TX,202405  ,20733,20756,20536,20650,49,0.24%,85595,20648,71409,20640,20650,20918,18754,,一般,,202405  
2024/05/08,TX,202405  ,20618,20738,20574,20725,77,0.37%,73449,20724,71217,20719,20725,20918,18754,,一般,,202405  
2024/05/09,TX,202405  ,20707,20763,20605,20612,-112,-0.54%,79443,20612,67471,20612,20615,20918,18754,,一般,,202405  
2024/05/10,TX,202405  ,20738,20828,20616,20809,197,0.96%,97925,20812,63044,20809,20815,20918,18754,,一般,,202405  
2024/05/13,TX,202405  ,20942,20965,20833,20883,71,0.34%,98279,20881,42670,20881,20882,20984,18754,,一般,,202405  
2024/05/14,TX,202405  ,20892,21015,20868,21013,132,0.63%,83853,21006,29010,21008,21013,21015,18754,,一般,,202405  
2024/05/15,TX,202405  ,21184,21361,21116,21143,137,0.65%,63511,0,13984,21142,21143,21361,18754,,一般,,202405  
2024/05/16,TX,202406  ,21465,21556,21326,21370,127,0.60%,104856,21372,69086,21370,21371,21556,16016,,一般,,202405  
2024/05/17,TX,202406  ,21303,21407,21288,21336,-36,-0.17%,71837,21335,69083,21335,21336,21556,16016,,一般,,202405  
2024/05/20,TX,202406  ,21435,21485,21153,21302,-33,-0.15%,109398,21299,70697,21297,21302,21556,16016,,一般,,202405  
2024/05/21,TX,202406  ,21324,21350,21165,21277,-22,-0.10%,74973,21282,71764,21277,21278,21556,16016,,一般,,202405  
2024/05/22,TX,202406  ,21293,21613,21283,21583,301,1.41%,95352,21581,78353,21582,21584,21613,16016,,一般,,202405  
2024/05/23,TX,202406  ,21630,21661,21492,21604,23,0.11%,85458,21605,76142,21603,21605,21661,16016,,一般,,202405  
2024/05/24,TX,202406  ,21448,21617,21414,21565,-40,-0.19%,74314,21568,76945,21565,21567,21691,16016,,一般,,202405  
2024/05/27,TX,202406  ,21670,21917,21655,21875,307,1.42%,88063,21870,78958,21872,21875,21917,16016,,一般,,202405  
2024/05/28,TX,202406  ,21892,21994,21845,21954,84,0.38%,71888,21951,79564,21953,21954,21994,16016,,一般,,202405  
2024/05/29,TX,202406  ,21865,21907,21720,21722,-229,-1.04%,85938,21730,79859,21726,21727,21994,16016,,一般,,202405  
2024/05/30,TX,202406  ,21512,21553,21368,21391,-339,-1.56%,100242,21395,79612,21390,21392,21994,16016,,一般,,202405  
2024/05/31,TX,202406  ,21505,21583,21253,21285,-110,-0.51%,130856,21288,83655,21283,21288,21994,16016,,一般,,202405  
2024/06/03,TX,202406  ,21469,21698,21424,21654,366,1.72%,116258,21655,86389,21651,21654,21994,16016,,一般,,202406  
2024/06/04,TX,202406  ,21560,21574,21284,21320,-335,-1.55%,111097,21327,83092,21320,21324,21994,16016,,一般,,202406  
2024/06/05,TX,202406  ,21350,21493,21226,21463,136,0.64%,108838,21460,82316,21463,21467,21994,16016,,一般,,202406  
2024/06/06,TX,202406  ,21825,21962,21791,21875,415,1.93%,109836,21873,82862,21872,21875,21994,16016,,一般,,202406  
2024/06/07,TX,202406  ,21839,21908,21781,21897,24,0.11%,69801,21894,80182,21894,21897,21994,16016,,一般,,202406  
2024/06/11,TX,202406  ,21920,21970,21783,21798,-96,-0.44%,94289,21801,75320,21798,21802,21994,16016,,一般,,202406  
2024/06/12,TX,202406  ,21829,22063,21790,22046,245,1.12%,95615,22046,78963,22045,22047,22063,16016,,一般,,202406  
2024/06/13,TX,202406  ,22308,22473,22207,22323,277,1.26%,114828,22325,75421,22323,22326,22473,16016,,一般,,202406  
2024/06/14,TX,202406  ,22274,22514,22270,22511,186,0.83%,86467,22510,71619,22511,22513,22514,16016,,一般,,202406  
2024/06/17,TX,202406  ,22430,22554,22420,22477,-33,-0.15%,91913,22477,45429,22475,22477,22554,16016,,一般,,202406  
2024/06/18,TX,202406  ,22726,22812,22666,22786,309,1.37%,98310,22786,29985,22783,22784,22812,16016,,一般,,202406  
2024/06/19,TX,202406  ,22956,23291,22940,23225,439,1.93%,79725,0,15948,23225,23226,23291,16016,,一般,,202406  
2024/06/20,TX,202407  ,23153,23380,23106,23378,243,1.05%,90192,23377,79838,23378,23379,23380,19165,,一般,,202406  
2024/06/21,TX,202407  ,23034,23291,23025,23210,-167,-0.71%,98199,23207,79392,23207,23210,23400,19165,,一般,,202406  
2024/06/24,TX,202407  ,23050,23073,22708,22746,-461,-1.99%,125022,22754,77031,22746,22750,23400,19165,,一般,,202406  
2024/06/25,TX,202407  ,22608,22776,22410,22743,-11,-0.05%,126047,22747,76265,22741,22743,23400,19165,,一般,,202406  
2024/06/26,TX,202407  ,22806,23005,22744,22872,125,0.55%,113347,22876,80383,22870,22872,23400,19165,,一般,,202406  
2024/06/27,TX,202407  ,22614,22822,22555,22793,-83,-0.36%,83796,22797,78201,22793,22794,23400,19165,,一般,,202406  
2024/06/28,TX,202407  ,22908,23117,22793,22983,186,0.82%,103428,22980,81762,22983,22984,23400,19165,,一般,,202406  
2024/07/01,TX,202407  ,22960,23166,22938,22991,11,0.05%,83651,22993,82025,22990,22991,23400,19165,,一般,,202407  
2024/07/02,TX,202407  ,22838,22993,22717,22831,-162,-0.70%,104985,22835,80084,22830,22832,23400,19165,,一般,,202407  
2024/07/03,TX,202407  ,23073,23188,22981,23185,350,1.53%,83985,23183,82758,23185,23186,23400,19165,,一般,,202407  
2024/07/04,TX,202407  ,23487,23626,23461,23624,441,1.90%,88198,23621,83790,23624,23625,23626,19165,,一般,,202407  
2024/07/05,TX,202407  ,23659,23677,23526,23570,-51,-0.22%,60596,23571,82017,23569,23572,23697,19165,,一般,,202407  
2024/07/08,TX,202407  ,23545,23994,23512,23913,342,1.45%,107009,23909,85253,23911,23913,23994,19165,,一般,,202407  
2024/07/09,TX,202407  ,23945,24092,23624,23878,-31,-0.13%,130797,23881,83035,23879,23882,24092,19165,,一般,,202407  
2024/07/10,TX,202407  ,23759,24014,23702,24000,119,0.50%,106474,24002,83357,24001,24004,24092,19165,,一般,,202407  
2024/07/11,TX,202407  ,24251,24405,24160,24367,365,1.52%,93552,24371,82254,24367,24370,24405,19165,,一般,,202407  
2024/07/12,TX,202407  ,24038,24070,23784,23808,-563,-2.31%,115064,23814,76346,23807,23810,24449,19165,,一般,,202407  
2024/07/15,TX,202407  ,24091,24112,23756,23853,39,0.16%,128376,23851,51912,23850,23853,24449,19165,,一般,,202407  
2024/07/16,TX,202407  ,23830,24182,23824,24002,151,0.63%,129269,23994,31964,23998,24002,24449,19165,,一般,,202407  
2024/07/17,TX,202407  ,23980,24000,23647,23679,-315,-1.31%,82666,0,16600,23677,23679,24449,19165,,一般,,202407  
2024/07/18,TX,202408  ,23294,23444,23154,23383,-396,-1.67%,126201,23387,84604,23382,23386,24442,20959,,一般,,202407  
2024/07/19,TX,202408  ,23148,23185,22853,22909,-478,-2.04%,126482,22907,81798,22907,22909,24442,20959,,一般,,202407  
2024/07/22,TX,202408  ,22859,22906,22184,22379,-528,-2.30%,177941,22374,85117,22373,22380,24442,20959,,一般,,202407  
2024/07/23,TX,202408  ,22600,22871,22571,22830,456,2.04%,95310,22835,81335,22829,22830,24442,20959,,一般,,202407  
2024/07/26,TX,202408  ,22028,22156,21918,22095,-740,-3.24%,121567,22096,80936,22087,22095,24442,20959,,一般,,202407  
2024/07/29,TX,202408  ,22430,22519,22146,22261,165,0.75%,99245,22256,80737,22261,22262,24442,20959,,一般,,202407  
2024/07/30,TX,202408  ,21933,22299,21809,22246,-10,-0.04%,126029,22252,81657,22246,22248,24442,20959,,一般,,202407  
2024/07/31,TX,202408  ,22050,22348,22013,22290,38,0.17%,109982,22284,80444,22287,22290,24442,20959,,一般,,202407  
2024/08/01,TX,202408  ,22721,22728,22460,22653,369,1.66%,102459,22660,83214,22650,22655,24442,20959,,一般,,202408  
2024/08/02,TX,202408  ,22000,22099,21508,21533,-1127,-4.97%,139674,21526,87386,21532,21537,24442,20959,,一般,,202408  
2024/08/05,TX,202408  ,20712,20742,19374,19374,-2152,-10.00%,211207,19374,77869,-,19374,24442,19374,,一般,,202408  
2024/08/06,TX,202408  ,20395,20790,19589,20420,1046,5.40%,190100,20455,75639,20411,20425,24442,18836,,一般,,202408  
2024/08/07,TX,202408  ,20500,21335,20494,21131,676,3.30%,155051,21142,78081,21132,21135,24442,18836,,一般,,202408  
2024/08/08,TX,202408  ,20680,21082,20545,20696,-446,-2.11%,121331,20698,76723,20691,20700,24442,18836,,一般,,202408  
2024/08/09,TX,202408  ,21305,21593,21032,21481,783,3.78%,136829,21483,79384,21478,21480,24442,18836,,一般,,202408  
2024/08/12,TX,202408  ,21650,21895,21600,21677,194,0.90%,89347,21676,78486,21673,21677,24442,18836,,一般,,202408  
2024/08/13,TX,202408  ,21848,21898,21662,21769,93,0.43%,68585,21771,78430,21764,21769,24442,18836,,一般,,202408  
2024/08/14,TX,202408  ,22104,22158,21908,21978,207,0.95%,85768,21996,80441,21978,21984,24442,18836,,一般,,202408  
2024/08/15,TX,202408  ,21993,22114,21836,21840,-156,-0.71%,71553,21840,78839,21837,21840,24442,18836,,一般,,202408  
2024/08/16,TX,202408  ,22324,22447,22277,22367,527,2.41%,83257,22365,73203,22366,22367,24442,18836,,一般,,202408  
2024/08/19,TX,202408  ,22400,22521,22320,22361,-4,-0.02%,103565,22361,48532,22359,22361,24442,18836,,一般,,202408  
2024/08/20,TX,202408  ,22555,22574,22389,22436,75,0.34%,84420,22435,27430,22436,22441,24442,18836,,一般,,202408  
2024/08/21,TX,202408  ,22311,22344,22151,22200,-235,-1.05%,47368,0,13630,22200,22201,24442,18836,,一般,,202408  
2024/08/22,TX,202409  ,22229,22277,22026,22100,-102,-0.46%,72407,22100,80840,22100,22104,24441,15810,,一般,,202408  
2024/08/23,TX,202409  ,21942,22170,21865,22129,29,0.13%,67429,22123,80092,22125,22128,24441,15810,,一般,,202408  
2024/08/26,TX,202409  ,22230,22450,22131,22206,83,0.38%,82518,22210,83602,22204,22206,24441,15810,,一般,,202408  
2024/08/27,TX,202409  ,22112,22210,21998,22146,-64,-0.29%,64037,22152,81648,22146,22159,24441,15810,,一般,,202408  
2024/08/28,TX,202409  ,22181,22414,22048,22401,249,1.12%,77112,22405,82358,22400,22404,24441,15810,,一般,,202408  
2024/08/29,TX,202409  ,21938,22245,21900,22176,-229,-1.02%,80378,22167,79788,22174,22176,24441,15810,,一般,,202408  
2024/08/30,TX,202409  ,22320,22366,22213,22323,156,0.70%,62747,22318,82251,22321,22323,24441,15810,,一般,,202408  
2024/09/02,TX,202409  ,22318,22448,22172,22227,-91,-0.41%,72350,22212,84141,22224,22232,24441,15810,,一般,,202409  
2024/09/03,TX,202409  ,22205,22314,22000,22070,-142,-0.64%,72699,22051,82306,22065,22072,24441,15810,,一般,,202409  
2024/09/04,TX,202409  ,21246,21347,20828,20947,-1104,-5.01%,139676,20940,75158,20938,20944,24441,15810,,一般,,202409  
2024/09/05,TX,202409  ,21310,21454,21056,21183,243,1.16%,85120,21183,73170,21179,21185,24441,15810,,一般,,202409  
2024/09/06,TX,202409  ,21211,21435,21013,21319,136,0.64%,92055,21316,72351,21316,21320,24441,15810,,一般,,202409  
2024/09/09,TX,202409  ,20734,21125,20616,21073,-243,-1.14%,95274,21083,71092,21076,21078,24441,15810,,一般,,202409  
2024/09/10,TX,202409  ,21233,21281,20905,21000,-83,-0.39%,96570,21005,69425,20998,21000,24441,15810,,一般,,202409  
2024/09/11,TX,202409  ,21100,21130,20950,21005,0,0.00%,74321,21006,70009,21005,21009,24441,15810,,一般,,202409  
2024/09/12,TX,202409  ,21597,21780,21461,21711,705,3.36%,91690,21703,67746,21707,21711,24441,15810,,一般,,202409  
2024/09/13,TX,202409  ,21800,21833,21657,21820,117,0.54%,74408,21815,53424,21820,21824,24441,15810,,一般,,202409  
2024/09/16,TX,202409  ,21807,21871,21735,21813,-2,-0.01%,72650,21815,28744,21813,21816,24441,15810,,一般,,202409  
2024/09/18,TX,202409  ,21730,21872,21560,21619,-196,-0.90%,46802,0,17137,21618,21619,24441,15810,,一般,,202409  
2024/09/19,TX,202410  ,21763,22082,21661,22074,380,1.75%,82818,22075,73946,22072,22074,23578,18900,,一般,,202409  
2024/09/20,TX,202410  ,22345,22425,22186,22220,145,0.66%,69559,22216,77252,22218,22220,23578,18900,,一般,,202409  
2024/09/23,TX,202410  ,22291,22392,22258,22338,122,0.55%,52925,22338,79093,22335,22344,23578,18900,,一般,,202409  
2024/09/24,TX,202410  ,22298,22508,22152,22491,153,0.68%,77440,22493,76019,22490,22492,23578,18900,,一般,,202409  
2024/09/25,TX,202410  ,22835,22860,22739,22792,299,1.33%,63897,22792,79930,22788,22794,23578,18900,,一般,,202409  
2024/09/26,TX,202410  ,23034,23078,22892,22957,165,0.72%,65948,22957,81470,22955,22957,23578,18900,,一般,,202409  
2024/09/27,TX,202410  ,23190,23195,22878,22884,-73,-0.32%,75657,22892,82677,22882,22884,23578,18900,,一般,,202409  
2024/09/30,TX,202410  ,22699,22755,22316,22326,-566,-2.47%,87164,22326,80080,22326,22328,23578,18900,,一般,,202409  
2024/10/01,TX,202410  ,22246,22463,22228,22391,65,0.29%,57504,22391,80872,22390,22398,23578,18900,,一般,,202410  
2024/10/04,TX,202410  ,22331,22507,22250,22284,-107,-0.48%,83107,22288,79065,22281,22288,23578,18900,,一般,,202410  
2024/10/07,TX,202410  ,22570,22808,22539,22779,491,2.20%,76667,22767,82989,22776,22780,23578,18900,,一般,,202410  
2024/10/08,TX,202410  ,22606,22634,22392,22575,-192,-0.84%,73369,22578,77985,22575,22582,23578,18900,,一般,,202410  
2024/10/09,TX,202410  ,22770,22888,22666,22702,124,0.55%,66303,22699,78346,22700,22702,23578,18900,,一般,,202410  
2024/10/11,TX,202410  ,22829,23047,22794,22912,213,0.94%,69251,22911,77427,22912,22915,23578,18900,,一般,,202410  
2024/10/14,TX,202410  ,22987,23049,22818,23008,97,0.42%,85874,23005,51580,23008,23012,23578,18900,,一般,,202410  
2024/10/15,TX,202410  ,23168,23386,23101,23225,220,0.96%,79192,23228,32192,23224,23226,23578,18900,,一般,,202410  
2024/10/16,TX,202410  ,22897,23203,22855,22986,-242,-1.04%,47339,0,17616,22986,22987,23578,18900,,一般,,202410  
2024/10/17,TX,202411  ,23142,23277,23005,23256,195,0.85%,75826,23256,71693,23256,23258,23441,20599,,一般,,202410  
2024/10/18,TX,202411  ,23820,23840,23527,23657,401,1.72%,90326,23657,74956,23658,23659,23988,20599,,一般,,202410  
2024/10/21,TX,202411  ,23810,23836,23566,23567,-90,-0.38%,53481,23574,74766,23570,23575,23988,20599,,一般,,202410  
2024/10/22,TX,202411  ,23560,23637,23332,23633,59,0.25%,70377,23621,72949,23629,23633,23988,20599,,一般,,202410  
2024/10/23,TX,202411  ,23498,23511,23336,23406,-215,-0.91%,65409,23409,72810,23403,23407,23988,20599,,一般,,202410  
2024/10/24,TX,202411  ,23383,23449,23203,23304,-105,-0.45%,73038,23290,71208,23301,23304,23988,20599,,一般,,202410  
2024/10/25,TX,202411  ,23270,23487,23252,23481,191,0.82%,57307,23476,74207,23479,23481,23988,20599,,一般,,202410  
2024/10/28,TX,202411  ,23650,23657,23216,23326,-150,-0.64%,84796,23322,74614,23320,23327,23988,20599,,一般,,202410  
2024/10/29,TX,202411  ,23137,23148,22693,22976,-346,-1.48%,107580,22979,74625,22975,22976,23988,20599,,一般,,202410  
2024/10/30,TX,202411  ,23072,23145,22845,22904,-75,-0.33%,63255,22901,73683,22901,22904,23988,20599,,一般,,202410  
2024/11/01,TX,202411  ,22397,22822,22232,22753,-148,-0.65%,87411,22767,71644,22753,22756,23988,20599,,一般,,202411  
2024/11/04,TX,202411  ,22767,23046,22700,23041,274,1.20%,65879,23036,72446,23037,23040,23988,20599,,一般,,202411  
2024/11/05,TX,202411  ,22808,23239,22782,23135,99,0.43%,73010,23137,72684,23136,23142,23988,20599,,一般,,202411  
2024/11/06,TX,202411  ,23250,23448,23051,23324,187,0.81%,102643,23319,74000,23324,23327,23988,20599,,一般,,202411  
2024/11/07,TX,202411  ,23183,23576,23085,23532,213,0.91%,78519,23525,75116,23533,23534,23988,20599,,一般,,202411  
2024/11/08,TX,202411  ,23772,23794,23528,23781,256,1.09%,71139,23774,73378,23779,23781,23988,20599,,一般,,202411  
2024/11/11,TX,202411  ,23555,23632,23309,23573,-201,-0.85%,71558,23572,74767,23573,23575,23988,20599,,一般,,202411  
2024/11/12,TX,202411  ,23013,23242,22863,22869,-703,-2.98%,84421,22875,73649,22868,22870,23988,20599,,一般,,202411  
2024/11/13,TX,202411  ,22755,23015,22730,22783,-92,-0.40%,73177,22786,70949,22779,22783,23988,20599,,一般,,202411  
2024/11/14,TX,202411  ,22786,22880,22576,22684,-102,-0.45%,86815,22692,70720,22680,22685,23988,20599,,一般,,202411  
2024/11/15,TX,202411  ,22710,22930,22684,22759,67,0.30%,71504,22762,68388,22758,22760,23988,20599,,一般,,202411  
2024/11/18,TX,202411  ,22654,22789,22544,22574,-188,-0.83%,93348,22573,45523,22572,22577,23988,20599,,一般,,202411  
2024/11/19,TX,202411  ,22641,22995,22592,22850,277,1.23%,90975,22848,22530,22849,22850,23988,20599,,一般,,202411  
2024/11/20,TX,202411  ,22906,22956,22668,22686,-162,-0.71%,40197,0,12357,22686,22687,23988,20599,,一般,,202411  
2024/11/21,TX,202412  ,22647,22733,22514,22573,-206,-0.90%,74026,22575,76311,22571,22578,24463,16885,,一般,,202411  
2024/11/22,TX,202412  ,22811,23066,22780,23038,463,2.05%,71376,23032,75719,23035,23038,24463,16885,,一般,,202411  
2024/11/25,TX,202412  ,23254,23287,23014,23066,34,0.15%,61805,23062,81318,23063,23066,24463,16885,,一般,,202411  
2024/11/26,TX,202412  ,22710,22845,22615,22636,-426,-1.85%,68259,22634,81107,22636,22638,24463,16885,,一般,,202411  
2024/11/27,TX,202412  ,22600,22690,22341,22347,-287,-1.27%,67320,22352,81400,22343,22348,24463,16885,,一般,,202411  
2024/11/28,TX,202412  ,22302,22385,22117,22337,-15,-0.07%,75167,22330,81045,22335,22337,24463,16885,,一般,,202411  
2024/11/29,TX,202412  ,22210,22438,22004,22313,-17,-0.08%,84632,22307,79496,22309,22311,24463,16885,,一般,,202411  
2024/12/02,TX,202412  ,22530,22828,22498,22827,520,2.33%,61921,22822,78718,22825,22828,24463,16885,,一般,,202412  
2024/12/03,TX,202412  ,23152,23191,22999,23112,290,1.27%,64384,23111,77052,23110,23112,24463,16885,,一般,,202412  
2024/12/04,TX,202412  ,23200,23296,23071,23294,183,0.79%,52064,23286,75381,23294,23295,24463,16885,,一般,,202412  
2024/12/05,TX,202412  ,23260,23328,23211,23251,-35,-0.15%,45283,23252,74237,23251,23259,24463,16885,,一般,,202412  
2024/12/06,TX,202412  ,23321,23360,23134,23179,-73,-0.31%,60688,23180,73146,23175,23179,24463,16885,,一般,,202412  
2024/12/09,TX,202412  ,23193,23287,23170,23249,69,0.30%,47014,23250,73376,23249,23254,24463,16885,,一般,,202412  
2024/12/10,TX,202412  ,23228,23337,23026,23090,-160,-0.69%,70540,23078,74389,23087,23091,24463,16885,,一般,,202412  
2024/12/11,TX,202412  ,22887,23055,22824,22848,-230,-1.00%,60252,22847,76378,22847,22849,24463,16885,,一般,,202412  
2024/12/12,TX,202412  ,23004,23211,23003,23107,260,1.14%,59344,23107,77376,23106,23109,24463,16885,,一般,,202412  
2024/12/13,TX,202412  ,22996,23092,22888,22986,-121,-0.52%,64309,22984,73029,22985,22988,24463,16885,,一般,,202412  
2024/12/16,TX,202412  ,23220,23270,22946,22961,-23,-0.10%,95042,22966,44146,22960,22961,24463,16885,,一般,,202412  
2024/12/17,TX,202412  ,23105,23215,23024,23031,65,0.28%,77090,23030,27667,23030,23033,24463,16885,,一般,,202412  
2024/12/18,TX,202412  ,22937,23200,22902,23105,75,0.33%,44222,0,12952,23104,23105,24463,16885,,一般,,202412  
2024/12/19,TX,202501  ,22747,22906,22718,22849,-330,-1.42%,72523,22852,72346,22849,22853,23996,22039,,一般,,202412  
2024/12/20,TX,202501  ,22767,22793,22590,22635,-217,-0.95%,75535,22631,71133,22633,22635,23996,22039,,一般,,202412  
2024/12/23,TX,202501  ,22904,23245,22899,23242,611,2.70%,67589,23233,73230,23240,23242,23996,22039,,一般,,202412  
2024/12/24,TX,202501  ,23430,23459,23187,23216,-17,-0.07%,47581,23201,72189,23213,23215,23996,22039,,一般,,202412  
2024/12/25,TX,202501  ,23340,23349,23240,23329,128,0.55%,32836,23326,72934,23327,23330,23996,22039,,一般,,202412  
2024/12/26,TX,202501  ,23358,23380,23285,23326,0,0.00%,27231,23326,74328,23326,23329,23996,22039,,一般,,202412  
2024/12/27,TX,202501  ,23194,23378,23148,23372,46,0.20%,43009,23372,73146,23372,23377,23996,22039,,一般,,202412  
2024/12/30,TX,202501  ,23202,23324,23154,23177,-195,-0.83%,37022,23171,73059,23174,23177,23996,22039,,一般,,202412  
2024/12/31,TX,202501  ,22998,23110,22955,23041,-130,-0.56%,48455,23044,72625,23041,23046,23996,22039,,一般,,202412  
